CustomerID;Loading
12346;TRUE
12347;TRUE
12348;TRUE
12349;TRUE
12350;TRUE
12352;TRUE
12353;TRUE
12354;TRUE
12355;TRUE
12356;TRUE
12357;TRUE
12358;TRUE
12359;TRUE
12360;TRUE
12361;TRUE
12362;TRUE
12363;TRUE
12364;TRUE
12365;TRUE
12367;TRUE
12370;TRUE
12371;TRUE
12372;TRUE
12373;TRUE
12374;TRUE
12375;TRUE
12377;TRUE
12378;TRUE
12379;TRUE
12380;TRUE
12381;TRUE
12383;TRUE
12384;TRUE
12386;TRUE
12388;TRUE
12390;TRUE
12391;TRUE
12393;TRUE
12394;TRUE
12395;TRUE
12397;TRUE
12398;TRUE
12399;TRUE
12401;TRUE
12402;TRUE
12403;TRUE
12405;TRUE
12406;TRUE
12407;TRUE
12408;TRUE
12409;TRUE
12410;TRUE
12412;TRUE
12413;TRUE
12414;TRUE
12415;TRUE
12417;TRUE
12418;TRUE
12420;TRUE
12421;TRUE
12422;TRUE
12423;TRUE
12424;TRUE
12425;TRUE
12426;TRUE
12427;TRUE
12428;TRUE
12429;TRUE
12430;TRUE
12431;TRUE
12432;TRUE
12433;TRUE
12434;TRUE
12435;TRUE
12436;TRUE
12437;TRUE
12438;TRUE
12441;TRUE
12442;TRUE
12444;TRUE
12445;TRUE
12446;TRUE
12447;TRUE
12448;TRUE
12449;TRUE
12450;TRUE
12451;TRUE
12452;TRUE
12453;TRUE
12454;TRUE
12455;TRUE
12456;TRUE
12457;TRUE
12458;TRUE
12461;TRUE
12462;TRUE
12463;TRUE
12464;TRUE
12465;TRUE
12468;TRUE
12471;TRUE
12472;TRUE
12473;TRUE
12474;TRUE
12475;TRUE
12476;TRUE
12477;TRUE
12478;TRUE
12479;TRUE
12480;TRUE
12481;TRUE
12483;TRUE
12484;TRUE
12488;TRUE
12489;TRUE
12490;TRUE
12491;TRUE
12492;TRUE
12493;TRUE
12494;TRUE
12497;TRUE
12498;TRUE
12500;TRUE
12501;TRUE
12502;TRUE
12503;TRUE
12504;TRUE
12505;TRUE
12506;TRUE
12507;TRUE
12508;TRUE
12509;TRUE
12510;TRUE
12512;TRUE
12513;TRUE
12514;TRUE
12515;TRUE
12516;TRUE
12517;TRUE
12518;TRUE
12519;TRUE
12520;TRUE
12521;TRUE
12522;TRUE
12523;TRUE
12524;TRUE
12526;TRUE
12527;TRUE
12528;TRUE
12530;TRUE
12531;TRUE
12532;TRUE
12534;TRUE
12535;TRUE
12536;TRUE
12538;TRUE
12539;TRUE
12540;TRUE
12541;TRUE
12544;TRUE
12545;TRUE
12546;TRUE
12547;TRUE
12548;TRUE
12550;TRUE
12551;TRUE
12552;TRUE
12553;TRUE
12556;TRUE
12557;TRUE
12558;TRUE
12559;TRUE
12560;TRUE
12561;TRUE
12562;TRUE
12564;TRUE
12565;TRUE
12566;TRUE
12567;TRUE
12569;TRUE
12571;TRUE
12572;TRUE
12573;TRUE
12574;TRUE
12576;TRUE
12577;TRUE
12578;TRUE
12579;TRUE
12580;TRUE
12581;TRUE
12582;TRUE
12583;TRUE
12584;TRUE
12585;TRUE
12586;TRUE
12587;TRUE
12588;TRUE
12589;TRUE
12590;TRUE
12591;TRUE
12592;TRUE
12593;TRUE
12594;TRUE
12596;TRUE
12597;TRUE
12598;TRUE
12599;TRUE
12600;TRUE
12601;TRUE
12602;TRUE
12603;TRUE
12604;TRUE
12605;TRUE
12607;TRUE
12609;TRUE
12610;TRUE
12611;TRUE
12612;TRUE
12613;TRUE
12614;TRUE
12615;TRUE
12616;TRUE
12617;TRUE
12618;TRUE
12619;TRUE
12620;TRUE
12621;TRUE
12622;TRUE
12623;TRUE
12624;TRUE
12625;TRUE
12626;TRUE
12627;TRUE
12628;TRUE
12630;TRUE
12631;TRUE
12633;TRUE
12635;TRUE
12637;TRUE
12638;TRUE
12639;TRUE
12640;TRUE
12641;TRUE
12642;TRUE
12643;TRUE
12644;TRUE
12645;TRUE
12646;TRUE
12647;TRUE
12648;TRUE
12649;TRUE
12650;TRUE
12651;TRUE
12652;TRUE
12653;TRUE
12654;TRUE
12656;TRUE
12657;TRUE
12658;TRUE
12659;TRUE
12660;TRUE
12662;TRUE
12664;TRUE
12665;TRUE
12666;TRUE
12667;TRUE
12668;TRUE
12669;TRUE
12670;TRUE
12672;TRUE
12673;TRUE
12674;TRUE
12676;TRUE
12678;TRUE
12679;TRUE
12680;TRUE
12681;TRUE
12682;TRUE
12683;TRUE
12684;TRUE
12685;TRUE
12686;TRUE
12688;TRUE
12689;TRUE
12690;TRUE
12691;TRUE
12693;TRUE
12694;TRUE
12695;TRUE
12697;TRUE
12700;TRUE
12701;TRUE
12702;TRUE
12703;TRUE
12704;TRUE
12705;TRUE
12707;TRUE
12708;TRUE
12709;TRUE
12710;TRUE
12712;TRUE
12713;TRUE
12714;TRUE
12715;TRUE
12716;TRUE
12717;TRUE
12718;TRUE
12719;TRUE
12720;TRUE
12721;TRUE
12722;TRUE
12723;TRUE
12724;TRUE
12725;TRUE
12726;TRUE
12727;TRUE
12728;TRUE
12729;TRUE
12731;TRUE
12732;TRUE
12733;TRUE
12734;TRUE
12735;TRUE
12736;TRUE
12738;TRUE
12739;TRUE
12740;TRUE
12743;TRUE
12744;TRUE
12747;TRUE
12748;TRUE
12749;TRUE
12750;TRUE
12752;TRUE
12753;TRUE
12754;TRUE
12755;TRUE
12756;TRUE
12757;TRUE
12758;TRUE
12759;TRUE
12762;TRUE
12763;TRUE
12764;TRUE
12766;TRUE
12769;TRUE
12770;TRUE
12772;TRUE
12775;TRUE
12778;TRUE
12779;TRUE
12781;TRUE
12782;TRUE
12783;TRUE
12784;TRUE
12785;TRUE
12787;TRUE
12789;TRUE
12790;TRUE
12791;TRUE
12792;TRUE
12793;TRUE
12794;TRUE
12795;TRUE
12797;TRUE
12798;TRUE
12802;TRUE
12808;TRUE
12809;TRUE
12811;TRUE
12812;TRUE
12814;TRUE
12815;TRUE
12816;TRUE
12817;TRUE
12818;TRUE
12820;TRUE
12821;TRUE
12822;TRUE
12823;TRUE
12824;TRUE
12826;TRUE
12827;TRUE
12828;TRUE
12829;TRUE
12830;TRUE
12831;TRUE
12832;TRUE
12833;TRUE
12834;TRUE
12836;TRUE
12837;TRUE
12838;TRUE
12839;TRUE
12840;TRUE
12841;TRUE
12842;TRUE
12843;TRUE
12844;TRUE
12845;TRUE
12847;TRUE
12849;TRUE
12851;TRUE
12852;TRUE
12853;TRUE
12854;TRUE
12855;TRUE
12856;TRUE
12857;TRUE
12863;TRUE
12864;TRUE
12865;TRUE
12866;TRUE
12867;TRUE
12868;TRUE
12870;TRUE
12871;TRUE
12872;TRUE
12873;TRUE
12875;TRUE
12876;TRUE
12877;TRUE
12878;TRUE
12879;TRUE
12881;TRUE
12882;TRUE
12883;TRUE
12884;TRUE
12885;TRUE
12886;TRUE
12888;TRUE
12890;TRUE
12891;TRUE
12893;TRUE
12895;TRUE
12897;TRUE
12901;TRUE
12902;TRUE
12904;TRUE
12906;TRUE
12908;TRUE
12909;TRUE
12910;TRUE
12912;TRUE
12913;TRUE
12915;TRUE
12916;TRUE
12917;TRUE
12919;TRUE
12920;TRUE
12921;TRUE
12922;TRUE
12923;TRUE
12924;TRUE
12925;TRUE
12928;TRUE
12929;TRUE
12930;TRUE
12931;TRUE
12933;TRUE
12935;TRUE
12936;TRUE
12937;TRUE
12938;TRUE
12939;TRUE
12940;TRUE
12942;TRUE
12943;TRUE
12944;TRUE
12945;TRUE
12947;TRUE
12948;TRUE
12949;TRUE
12950;TRUE
12951;TRUE
12952;TRUE
12953;TRUE
12955;TRUE
12956;TRUE
12957;TRUE
12962;TRUE
12963;TRUE
12965;TRUE
12966;TRUE
12967;TRUE
12968;TRUE
12970;TRUE
12971;TRUE
12974;TRUE
12976;TRUE
12977;TRUE
12980;TRUE
12981;TRUE
12982;TRUE
12984;TRUE
12985;TRUE
12987;TRUE
12988;TRUE
12989;TRUE
12990;TRUE
12991;TRUE
12993;TRUE
12994;TRUE
12995;TRUE
12997;TRUE
12999;TRUE
13000;TRUE
13001;TRUE
13002;TRUE
13003;TRUE
13004;TRUE
13005;TRUE
13006;TRUE
13008;TRUE
13011;TRUE
13012;TRUE
13013;TRUE
13014;TRUE
13015;TRUE
13016;TRUE
13017;TRUE
13018;TRUE
13021;TRUE
13023;TRUE
13026;TRUE
13027;TRUE
13028;TRUE
13029;TRUE
13030;TRUE
13032;TRUE
13033;TRUE
13034;TRUE
13035;TRUE
13037;TRUE
13038;TRUE
13040;TRUE
13043;TRUE
13044;TRUE
13045;TRUE
13046;TRUE
13047;TRUE
13048;TRUE
13049;TRUE
13050;TRUE
13052;TRUE
13055;TRUE
13058;TRUE
13059;TRUE
13060;TRUE
13061;TRUE
13062;TRUE
13064;TRUE
13065;TRUE
13066;TRUE
13067;TRUE
13068;TRUE
13069;TRUE
13070;TRUE
13072;TRUE
13075;TRUE
13077;TRUE
13078;TRUE
13079;TRUE
13080;TRUE
13081;TRUE
13082;TRUE
13083;TRUE
13085;TRUE
13089;TRUE
13090;TRUE
13091;TRUE
13092;TRUE
13093;TRUE
13094;TRUE
13095;TRUE
13097;TRUE
13098;TRUE
13099;TRUE
13101;TRUE
13102;TRUE
13103;TRUE
13104;TRUE
13106;TRUE
13107;TRUE
13108;TRUE
13109;TRUE
13110;TRUE
13113;TRUE
13115;TRUE
13116;TRUE
13117;TRUE
13118;TRUE
13120;TRUE
13121;TRUE
13122;TRUE
13124;TRUE
13126;TRUE
13127;TRUE
13130;TRUE
13131;TRUE
13132;TRUE
13133;TRUE
13134;TRUE
13135;TRUE
13136;TRUE
13137;TRUE
13138;TRUE
13139;TRUE
13140;TRUE
13141;TRUE
13142;TRUE
13144;TRUE
13145;TRUE
13146;TRUE
13147;TRUE
13148;TRUE
13149;TRUE
13151;TRUE
13153;TRUE
13154;TRUE
13155;TRUE
13157;TRUE
13158;TRUE
13159;TRUE
13160;TRUE
13161;TRUE
13162;TRUE
13165;TRUE
13166;TRUE
13167;TRUE
13168;TRUE
13169;TRUE
13170;TRUE
13171;TRUE
13173;TRUE
13174;TRUE
13176;TRUE
13177;TRUE
13178;TRUE
13182;TRUE
13183;TRUE
13184;TRUE
13185;TRUE
13186;TRUE
13187;TRUE
13188;TRUE
13189;TRUE
13192;TRUE
13193;TRUE
13194;TRUE
13196;TRUE
13198;TRUE
13199;TRUE
13200;TRUE
13203;TRUE
13207;TRUE
13208;TRUE
13209;TRUE
13210;TRUE
13211;TRUE
13212;TRUE
13213;TRUE
13216;TRUE
13217;TRUE
13218;TRUE
13220;TRUE
13221;TRUE
13223;TRUE
13224;TRUE
13225;TRUE
13226;TRUE
13227;TRUE
13228;TRUE
13229;TRUE
13230;TRUE
13232;TRUE
13233;TRUE
13235;TRUE
13236;TRUE
13238;TRUE
13239;TRUE
13240;TRUE
13242;TRUE
13243;TRUE
13244;TRUE
13245;TRUE
13246;TRUE
13247;TRUE
13248;TRUE
13249;TRUE
13253;TRUE
13255;TRUE
13256;TRUE
13258;TRUE
13259;TRUE
13260;TRUE
13261;TRUE
13262;TRUE
13263;TRUE
13265;TRUE
13266;TRUE
13267;TRUE
13268;TRUE
13269;TRUE
13270;TRUE
13271;TRUE
13272;TRUE
13273;TRUE
13276;TRUE
13277;TRUE
13278;TRUE
13279;TRUE
13280;TRUE
13282;TRUE
13283;TRUE
13284;TRUE
13285;TRUE
13291;TRUE
13292;TRUE
13294;TRUE
13295;TRUE
13296;TRUE
13297;TRUE
13298;TRUE
13299;TRUE
13300;TRUE
13301;TRUE
13302;TRUE
13304;TRUE
13305;TRUE
13307;TRUE
13308;TRUE
13309;TRUE
13310;TRUE
13311;TRUE
13313;TRUE
13314;TRUE
13316;TRUE
13317;TRUE
13318;TRUE
13319;TRUE
13320;TRUE
13321;TRUE
13322;TRUE
13323;TRUE
13324;TRUE
13325;TRUE
13327;TRUE
13328;TRUE
13329;TRUE
13330;TRUE
13332;TRUE
13334;TRUE
13336;TRUE
13338;TRUE
13339;TRUE
13340;TRUE
13341;TRUE
13343;TRUE
13344;TRUE
13345;TRUE
13347;TRUE
13348;TRUE
13349;TRUE
13350;TRUE
13351;TRUE
13352;TRUE
13354;TRUE
13355;TRUE
13356;TRUE
13357;TRUE
13358;TRUE
13359;TRUE
13362;TRUE
13363;TRUE
13364;TRUE
13365;TRUE
13366;TRUE
13368;TRUE
13369;TRUE
13370;TRUE
13372;TRUE
13373;TRUE
13375;TRUE
13376;TRUE
13379;TRUE
13381;TRUE
13382;TRUE
13384;TRUE
13385;TRUE
13388;TRUE
13389;TRUE
13390;TRUE
13391;TRUE
13394;TRUE
13395;TRUE
13396;TRUE
13397;TRUE
13398;TRUE
13402;TRUE
13403;TRUE
13404;TRUE
13405;TRUE
13408;TRUE
13410;TRUE
13411;TRUE
13414;TRUE
13416;TRUE
13417;TRUE
13418;TRUE
13419;TRUE
13420;TRUE
13421;TRUE
13422;TRUE
13425;TRUE
13426;TRUE
13427;TRUE
13428;TRUE
13429;TRUE
13430;TRUE
13431;TRUE
13434;TRUE
13435;TRUE
13436;TRUE
13437;TRUE
13439;TRUE
13441;TRUE
13447;TRUE
13448;TRUE
13449;TRUE
13450;TRUE
13451;TRUE
13452;TRUE
13453;TRUE
13455;TRUE
13456;TRUE
13458;TRUE
13460;TRUE
13461;TRUE
13462;TRUE
13464;TRUE
13466;TRUE
13467;TRUE
13468;TRUE
13470;TRUE
13471;TRUE
13473;TRUE
13474;TRUE
13475;TRUE
13476;TRUE
13477;TRUE
13479;TRUE
13481;TRUE
13482;TRUE
13483;TRUE
13484;TRUE
13485;TRUE
13486;TRUE
13487;TRUE
13488;TRUE
13489;TRUE
13491;TRUE
13492;TRUE
13493;TRUE
13494;TRUE
13495;TRUE
13496;TRUE
13497;TRUE
13499;TRUE
13500;TRUE
13501;TRUE
13502;TRUE
13503;TRUE
13504;TRUE
13505;TRUE
13506;TRUE
13507;TRUE
13508;TRUE
13509;TRUE
13510;TRUE
13512;TRUE
13513;TRUE
13514;TRUE
13515;TRUE
13516;TRUE
13517;TRUE
13518;TRUE
13519;TRUE
13520;TRUE
13521;TRUE
13522;TRUE
13523;TRUE
13524;TRUE
13525;TRUE
13527;TRUE
13529;TRUE
13531;TRUE
13532;TRUE
13533;TRUE
13534;TRUE
13536;TRUE
13538;TRUE
13539;TRUE
13544;TRUE
13546;TRUE
13548;TRUE
13549;TRUE
13551;TRUE
13552;TRUE
13555;TRUE
13557;TRUE
13558;TRUE
13560;TRUE
13561;TRUE
13562;TRUE
13563;TRUE
13564;TRUE
13565;TRUE
13566;TRUE
13568;TRUE
13569;TRUE
13570;TRUE
13571;TRUE
13572;TRUE
13573;TRUE
13575;TRUE
13576;TRUE
13577;TRUE
13579;TRUE
13581;TRUE
13583;TRUE
13584;TRUE
13587;TRUE
13588;TRUE
13589;TRUE
13590;TRUE
13591;TRUE
13592;TRUE
13593;TRUE
13594;TRUE
13596;TRUE
13598;TRUE
13599;TRUE
13600;TRUE
13601;TRUE
13602;TRUE
13603;TRUE
13606;TRUE
13607;TRUE
13610;TRUE
13611;TRUE
13614;TRUE
13615;TRUE
13617;TRUE
13618;TRUE
13621;TRUE
13623;TRUE
13626;TRUE
13627;TRUE
13629;TRUE
13630;TRUE
13631;TRUE
13632;TRUE
13634;TRUE
13635;TRUE
13636;TRUE
13637;TRUE
13638;TRUE
13639;TRUE
13642;TRUE
13643;TRUE
13644;TRUE
13645;TRUE
13647;TRUE
13649;TRUE
13650;TRUE
13651;TRUE
13652;TRUE
13654;TRUE
13655;TRUE
13656;TRUE
13657;TRUE
13658;TRUE
13659;TRUE
13662;TRUE
13663;TRUE
13666;TRUE
13667;TRUE
13668;TRUE
13669;TRUE
13670;TRUE
13672;TRUE
13673;TRUE
13675;TRUE
13678;TRUE
13680;TRUE
13681;TRUE
13682;TRUE
13684;TRUE
13685;TRUE
13686;TRUE
13689;TRUE
13690;TRUE
13692;TRUE
13693;TRUE
13694;TRUE
13695;TRUE
13697;TRUE
13699;TRUE
13700;TRUE
13703;TRUE
13704;TRUE
13705;TRUE
13706;TRUE
13707;TRUE
13708;TRUE
13709;TRUE
13710;TRUE
13711;TRUE
13712;TRUE
13715;TRUE
13716;TRUE
13717;TRUE
13718;TRUE
13719;TRUE
13720;TRUE
13721;TRUE
13722;TRUE
13723;TRUE
13725;TRUE
13726;TRUE
13727;TRUE
13728;TRUE
13730;TRUE
13731;TRUE
13732;TRUE
13735;TRUE
13736;TRUE
13737;TRUE
13739;TRUE
13740;TRUE
13741;TRUE
13742;TRUE
13743;TRUE
13744;TRUE
13745;TRUE
13747;TRUE
13748;TRUE
13750;TRUE
13751;TRUE
13752;TRUE
13753;TRUE
13754;TRUE
13755;TRUE
13756;TRUE
13758;TRUE
13759;TRUE
13760;TRUE
13761;TRUE
13762;TRUE
13763;TRUE
13764;TRUE
13767;TRUE
13769;TRUE
13771;TRUE
13772;TRUE
13774;TRUE
13777;TRUE
13778;TRUE
13780;TRUE
13781;TRUE
13782;TRUE
13784;TRUE
13786;TRUE
13787;TRUE
13790;TRUE
13791;TRUE
13792;TRUE
13798;TRUE
13799;TRUE
13800;TRUE
13801;TRUE
13802;TRUE
13803;TRUE
13804;TRUE
13805;TRUE
13806;TRUE
13807;TRUE
13808;TRUE
13809;TRUE
13810;TRUE
13811;TRUE
13812;TRUE
13813;TRUE
13814;TRUE
13815;TRUE
13816;TRUE
13817;TRUE
13819;TRUE
13821;TRUE
13822;TRUE
13823;TRUE
13824;TRUE
13826;TRUE
13827;TRUE
13828;TRUE
13829;TRUE
13831;TRUE
13832;TRUE
13833;TRUE
13835;TRUE
13837;TRUE
13838;TRUE
13841;TRUE
13842;TRUE
13844;TRUE
13845;TRUE
13846;TRUE
13848;TRUE
13849;TRUE
13850;TRUE
13851;TRUE
13853;TRUE
13854;TRUE
13856;TRUE
13858;TRUE
13859;TRUE
13860;TRUE
13862;TRUE
13863;TRUE
13865;TRUE
13866;TRUE
13867;TRUE
13868;TRUE
13869;TRUE
13870;TRUE
13871;TRUE
13873;TRUE
13874;TRUE
13875;TRUE
13876;TRUE
13877;TRUE
13878;TRUE
13880;TRUE
13881;TRUE
13882;TRUE
13883;TRUE
13884;TRUE
13885;TRUE
13886;TRUE
13887;TRUE
13888;TRUE
13889;TRUE
13890;TRUE
13892;TRUE
13893;TRUE
13894;TRUE
13895;TRUE
13897;TRUE
13898;TRUE
13899;TRUE
13900;TRUE
13901;TRUE
13904;TRUE
13908;TRUE
13911;TRUE
13914;TRUE
13917;TRUE
13918;TRUE
13919;TRUE
13922;TRUE
13923;TRUE
13924;TRUE
13925;TRUE
13926;TRUE
13927;TRUE
13928;TRUE
13929;TRUE
13930;TRUE
13931;TRUE
13932;TRUE
13933;TRUE
13934;TRUE
13936;TRUE
13937;TRUE
13938;TRUE
13939;TRUE
13940;TRUE
13941;TRUE
13946;TRUE
13947;TRUE
13948;TRUE
13949;TRUE
13950;TRUE
13951;TRUE
13952;TRUE
13953;TRUE
13954;TRUE
13955;TRUE
13956;TRUE
13958;TRUE
13959;TRUE
13960;TRUE
13962;TRUE
13963;TRUE
13967;TRUE
13969;TRUE
13971;TRUE
13972;TRUE
13973;TRUE
13974;TRUE
13975;TRUE
13976;TRUE
13978;TRUE
13979;TRUE
13980;TRUE
13982;TRUE
13983;TRUE
13984;TRUE
13985;TRUE
13986;TRUE
13988;TRUE
13989;TRUE
13990;TRUE
13991;TRUE
13992;TRUE
13993;TRUE
13994;TRUE
13995;TRUE
13999;TRUE
14000;TRUE
14001;TRUE
14002;TRUE
14004;TRUE
14005;TRUE
14006;TRUE
14009;TRUE
14012;TRUE
14013;TRUE
14014;TRUE
14015;TRUE
14016;TRUE
14019;TRUE
14020;TRUE
14021;TRUE
14022;TRUE
14023;TRUE
14024;TRUE
14027;TRUE
14029;TRUE
14030;TRUE
14031;TRUE
14032;TRUE
14034;TRUE
14035;TRUE
14036;TRUE
14037;TRUE
14038;TRUE
14039;TRUE
14040;TRUE
14041;TRUE
14044;TRUE
14045;TRUE
14046;TRUE
14047;TRUE
14048;TRUE
14049;TRUE
14050;TRUE
14051;TRUE
14052;TRUE
14053;TRUE
14054;TRUE
14055;TRUE
14056;TRUE
14057;TRUE
14059;TRUE
14060;TRUE
14062;TRUE
14064;TRUE
14066;TRUE
14067;TRUE
14068;TRUE
14071;TRUE
14073;TRUE
14075;TRUE
14076;TRUE
14077;TRUE
14078;TRUE
14079;TRUE
14080;TRUE
14081;TRUE
14082;TRUE
14083;TRUE
14085;TRUE
14087;TRUE
14088;TRUE
14089;TRUE
14090;TRUE
14092;TRUE
14093;TRUE
14096;TRUE
14098;TRUE
14099;TRUE
14100;TRUE
14101;TRUE
14102;TRUE
14104;TRUE
14105;TRUE
14107;TRUE
14108;TRUE
14109;TRUE
14110;TRUE
14111;TRUE
14112;TRUE
14113;TRUE
14114;TRUE
14116;TRUE
14117;TRUE
14119;TRUE
14121;TRUE
14124;TRUE
14125;TRUE
14126;TRUE
14127;TRUE
14128;TRUE
14129;TRUE
14130;TRUE
14132;TRUE
14133;TRUE
14135;TRUE
14138;TRUE
14139;TRUE
14140;TRUE
14141;TRUE
14142;TRUE
14143;TRUE
14145;TRUE
14146;TRUE
14147;TRUE
14148;TRUE
14149;TRUE
14150;TRUE
14152;TRUE
14154;TRUE
14155;TRUE
14156;TRUE
14157;TRUE
14158;TRUE
14159;TRUE
14161;TRUE
14162;TRUE
14163;TRUE
14164;TRUE
14165;TRUE
14167;TRUE
14171;TRUE
14173;TRUE
14174;TRUE
14175;TRUE
14176;TRUE
14177;TRUE
14178;TRUE
14179;TRUE
14180;TRUE
14184;TRUE
14185;TRUE
14188;TRUE
14189;TRUE
14191;TRUE
14193;TRUE
14194;TRUE
14195;TRUE
14196;TRUE
14198;TRUE
14199;TRUE
14201;TRUE
14204;TRUE
14205;TRUE
14206;TRUE
14208;TRUE
14209;TRUE
14210;TRUE
14211;TRUE
14212;TRUE
14213;TRUE
14214;TRUE
14215;TRUE
14216;TRUE
14217;TRUE
14218;TRUE
14219;TRUE
14220;TRUE
14221;TRUE
14222;TRUE
14223;TRUE
14224;TRUE
14226;TRUE
14227;TRUE
14229;TRUE
14231;TRUE
14232;TRUE
14233;TRUE
14234;TRUE
14235;TRUE
14236;TRUE
14237;TRUE
14238;TRUE
14239;TRUE
14240;TRUE
14241;TRUE
14242;TRUE
14243;TRUE
14245;TRUE
14246;TRUE
14247;TRUE
14248;TRUE
14250;TRUE
14251;TRUE
14256;TRUE
14257;TRUE
14258;TRUE
14259;TRUE
14261;TRUE
14262;TRUE
14264;TRUE
14265;TRUE
14267;TRUE
14270;TRUE
14271;TRUE
14272;TRUE
14273;TRUE
14276;TRUE
14277;TRUE
14280;TRUE
14282;TRUE
14284;TRUE
14285;TRUE
14286;TRUE
14287;TRUE
14288;TRUE
14289;TRUE
14290;TRUE
14291;TRUE
14292;TRUE
14293;TRUE
14295;TRUE
14297;TRUE
14298;TRUE
14299;TRUE
14300;TRUE
14301;TRUE
14304;TRUE
14305;TRUE
14306;TRUE
14307;TRUE
14309;TRUE
14311;TRUE
14312;TRUE
14314;TRUE
14315;TRUE
14317;TRUE
14320;TRUE
14321;TRUE
14323;TRUE
14326;TRUE
14327;TRUE
14329;TRUE
14331;TRUE
14332;TRUE
14333;TRUE
14334;TRUE
14335;TRUE
14336;TRUE
14338;TRUE
14339;TRUE
14340;TRUE
14341;TRUE
14342;TRUE
14344;TRUE
14345;TRUE
14346;TRUE
14348;TRUE
14349;TRUE
14350;TRUE
14351;TRUE
14352;TRUE
14353;TRUE
14354;TRUE
14355;TRUE
14356;TRUE
14357;TRUE
14359;TRUE
14360;TRUE
14362;TRUE
14364;TRUE
14367;TRUE
14368;TRUE
14371;TRUE
14373;TRUE
14375;TRUE
14377;TRUE
14379;TRUE
14381;TRUE
14382;TRUE
14383;TRUE
14385;TRUE
14386;TRUE
14387;TRUE
14388;TRUE
14389;TRUE
14390;TRUE
14393;TRUE
14395;TRUE
14396;TRUE
14397;TRUE
14400;TRUE
14401;TRUE
14403;TRUE
14404;TRUE
14406;TRUE
14407;TRUE
14408;TRUE
14409;TRUE
14410;TRUE
14411;TRUE
14412;TRUE
14413;TRUE
14414;TRUE
14415;TRUE
14416;TRUE
14418;TRUE
14419;TRUE
14420;TRUE
14421;TRUE
14422;TRUE
14423;TRUE
14424;TRUE
14426;TRUE
14427;TRUE
14428;TRUE
14431;TRUE
14432;TRUE
14434;TRUE
14436;TRUE
14437;TRUE
14438;TRUE
14439;TRUE
14440;TRUE
14441;TRUE
14442;TRUE
14443;TRUE
14446;TRUE
14447;TRUE
14448;TRUE
14449;TRUE
14450;TRUE
14451;TRUE
14452;TRUE
14453;TRUE
14456;TRUE
14457;TRUE
14459;TRUE
14460;TRUE
14461;TRUE
14462;TRUE
14463;TRUE
14465;TRUE
14466;TRUE
14467;TRUE
14470;TRUE
14472;TRUE
14473;TRUE
14474;TRUE
14475;TRUE
14476;TRUE
14477;TRUE
14479;TRUE
14480;TRUE
14481;TRUE
14482;TRUE
14483;TRUE
14484;TRUE
14485;TRUE
14487;TRUE
14488;TRUE
14489;TRUE
14491;TRUE
14493;TRUE
14494;TRUE
14495;TRUE
14496;TRUE
14497;TRUE
14498;TRUE
14499;TRUE
14500;TRUE
14501;TRUE
14502;TRUE
14503;TRUE
14504;TRUE
14505;TRUE
14506;TRUE
14507;TRUE
14508;TRUE
14511;TRUE
14512;TRUE
14513;TRUE
14514;TRUE
14515;TRUE
14517;TRUE
14518;TRUE
14520;TRUE
14522;TRUE
14523;TRUE
14524;TRUE
14525;TRUE
14527;TRUE
14528;TRUE
14529;TRUE
14530;TRUE
14532;TRUE
14533;TRUE
14534;TRUE
14535;TRUE
14536;TRUE
14537;TRUE
14538;TRUE
14539;TRUE
14540;TRUE
14541;TRUE
14542;TRUE
14543;TRUE
14544;TRUE
14546;TRUE
14547;TRUE
14548;TRUE
14549;TRUE
14550;TRUE
14551;TRUE
14552;TRUE
14553;TRUE
14554;TRUE
14555;TRUE
14557;TRUE
14560;TRUE
14561;TRUE
14562;TRUE
14565;TRUE
14566;TRUE
14567;TRUE
14569;TRUE
14570;TRUE
14572;TRUE
14573;TRUE
14576;TRUE
14577;TRUE
14578;TRUE
14581;TRUE
14582;TRUE
14583;TRUE
14584;TRUE
14585;TRUE
14586;TRUE
14587;TRUE
14589;TRUE
14591;TRUE
14592;TRUE
14593;TRUE
14594;TRUE
14595;TRUE
14597;TRUE
14598;TRUE
14600;TRUE
14601;TRUE
14603;TRUE
14606;TRUE
14607;TRUE
14608;TRUE
14609;TRUE
14616;TRUE
14618;TRUE
14619;TRUE
14620;TRUE
14621;TRUE
14622;TRUE
14623;TRUE
14624;TRUE
14625;TRUE
14626;TRUE
14627;TRUE
14628;TRUE
14629;TRUE
14631;TRUE
14632;TRUE
14633;TRUE
14636;TRUE
14638;TRUE
14639;TRUE
14640;TRUE
14641;TRUE
14642;TRUE
14643;TRUE
14644;TRUE
14645;TRUE
14646;TRUE
14647;TRUE
14649;TRUE
14651;TRUE
14652;TRUE
14653;TRUE
14655;TRUE
14656;TRUE
14657;TRUE
14658;TRUE
14659;TRUE
14660;TRUE
14661;TRUE
14662;TRUE
14664;TRUE
14665;TRUE
14666;TRUE
14667;TRUE
14669;TRUE
14670;TRUE
14672;TRUE
14673;TRUE
14675;TRUE
14676;TRUE
14679;TRUE
14680;TRUE
14681;TRUE
14682;TRUE
14684;TRUE
14687;TRUE
14688;TRUE
14689;TRUE
14690;TRUE
14691;TRUE
14692;TRUE
14693;TRUE
14696;TRUE
14697;TRUE
14698;TRUE
14699;TRUE
14700;TRUE
14701;TRUE
14702;TRUE
14703;TRUE
14704;TRUE
14705;TRUE
14708;TRUE
14709;TRUE
14710;TRUE
14711;TRUE
14712;TRUE
14713;TRUE
14714;TRUE
14715;TRUE
14716;TRUE
14719;TRUE
14720;TRUE
14722;TRUE
14723;TRUE
14725;TRUE
14727;TRUE
14729;TRUE
14730;TRUE
14731;TRUE
14732;TRUE
14733;TRUE
14735;TRUE
14737;TRUE
14738;TRUE
14739;TRUE
14740;TRUE
14741;TRUE
14744;TRUE
14745;TRUE
14747;TRUE
14748;TRUE
14752;TRUE
14753;TRUE
14754;TRUE
14755;TRUE
14756;TRUE
14757;TRUE
14758;TRUE
14759;TRUE
14760;TRUE
14761;TRUE
14762;TRUE
14764;TRUE
14765;TRUE
14766;TRUE
14768;TRUE
14769;TRUE
14770;TRUE
14772;TRUE
14775;TRUE
14776;TRUE
14777;TRUE
14778;TRUE
14779;TRUE
14780;TRUE
14782;TRUE
14784;TRUE
14785;TRUE
14788;TRUE
14789;TRUE
14790;TRUE
14792;TRUE
14793;TRUE
14794;TRUE
14795;TRUE
14796;TRUE
14798;TRUE
14799;TRUE
14800;TRUE
14801;TRUE
14803;TRUE
14804;TRUE
14805;TRUE
14806;TRUE
14808;TRUE
14810;TRUE
14813;TRUE
14815;TRUE
14816;TRUE
14817;TRUE
14818;TRUE
14819;TRUE
14820;TRUE
14821;TRUE
14823;TRUE
14824;TRUE
14825;TRUE
14828;TRUE
14829;TRUE
14830;TRUE
14834;TRUE
14836;TRUE
14837;TRUE
14840;TRUE
14841;TRUE
14842;TRUE
14844;TRUE
14847;TRUE
14849;TRUE
14850;TRUE
14851;TRUE
14852;TRUE
14853;TRUE
14854;TRUE
14855;TRUE
14856;TRUE
14857;TRUE
14859;TRUE
14860;TRUE
14861;TRUE
14862;TRUE
14863;TRUE
14865;TRUE
14866;TRUE
14867;TRUE
14868;TRUE
14869;TRUE
14870;TRUE
14871;TRUE
14873;TRUE
14875;TRUE
14878;TRUE
14880;TRUE
14881;TRUE
14882;TRUE
14883;TRUE
14885;TRUE
14886;TRUE
14887;TRUE
14888;TRUE
14889;TRUE
14890;TRUE
14891;TRUE
14893;TRUE
14894;TRUE
14895;TRUE
14896;TRUE
14897;TRUE
14898;TRUE
14901;TRUE
14902;TRUE
14903;TRUE
14904;TRUE
14905;TRUE
14907;TRUE
14908;TRUE
14910;TRUE
14911;TRUE
14912;TRUE
14913;TRUE
14915;TRUE
14916;TRUE
14918;TRUE
14920;TRUE
14921;TRUE
14923;TRUE
14924;TRUE
14929;TRUE
14930;TRUE
14931;TRUE
14932;TRUE
14934;TRUE
14935;TRUE
14936;TRUE
14937;TRUE
14944;TRUE
14946;TRUE
14947;TRUE
14948;TRUE
14950;TRUE
14951;TRUE
14952;TRUE
14953;TRUE
14954;TRUE
14957;TRUE
14958;TRUE
14959;TRUE
14960;TRUE
14961;TRUE
14962;TRUE
14963;TRUE
14964;TRUE
14965;TRUE
14966;TRUE
14967;TRUE
14968;TRUE
14970;TRUE
14971;TRUE
14972;TRUE
14973;TRUE
14974;TRUE
14975;TRUE
14976;TRUE
14978;TRUE
14981;TRUE
14984;TRUE
14985;TRUE
14987;TRUE
14988;TRUE
14995;TRUE
14997;TRUE
14998;TRUE
15000;TRUE
15002;TRUE
15004;TRUE
15005;TRUE
15006;TRUE
15007;TRUE
15009;TRUE
15010;TRUE
15012;TRUE
15014;TRUE
15016;TRUE
15017;TRUE
15018;TRUE
15019;TRUE
15021;TRUE
15022;TRUE
15023;TRUE
15024;TRUE
15025;TRUE
15026;TRUE
15027;TRUE
15028;TRUE
15030;TRUE
15031;TRUE
15032;TRUE
15033;TRUE
15034;TRUE
15035;TRUE
15036;TRUE
15038;TRUE
15039;TRUE
15041;TRUE
15042;TRUE
15043;TRUE
15044;TRUE
15045;TRUE
15046;TRUE
15047;TRUE
15048;TRUE
15049;TRUE
15050;TRUE
15051;TRUE
15052;TRUE
15053;TRUE
15054;TRUE
15057;TRUE
15058;TRUE
15059;TRUE
15060;TRUE
15061;TRUE
15062;TRUE
15063;TRUE
15065;TRUE
15066;TRUE
15067;TRUE
15068;TRUE
15069;TRUE
15070;TRUE
15071;TRUE
15073;TRUE
15074;TRUE
15075;TRUE
15076;TRUE
15078;TRUE
15079;TRUE
15081;TRUE
15083;TRUE
15087;TRUE
15088;TRUE
15089;TRUE
15090;TRUE
15091;TRUE
15092;TRUE
15093;TRUE
15095;TRUE
15096;TRUE
15097;TRUE
15098;TRUE
15099;TRUE
15100;TRUE
15101;TRUE
15103;TRUE
15104;TRUE
15105;TRUE
15106;TRUE
15107;TRUE
15108;TRUE
15109;TRUE
15110;TRUE
15111;TRUE
15113;TRUE
15114;TRUE
15115;TRUE
15116;TRUE
15117;TRUE
15118;TRUE
15119;TRUE
15120;TRUE
15121;TRUE
15122;TRUE
15123;TRUE
15124;TRUE
15125;TRUE
15127;TRUE
15128;TRUE
15129;TRUE
15130;TRUE
15132;TRUE
15133;TRUE
15134;TRUE
15135;TRUE
15136;TRUE
15139;TRUE
15140;TRUE
15142;TRUE
15143;TRUE
15144;TRUE
15145;TRUE
15146;TRUE
15147;TRUE
15148;TRUE
15149;TRUE
15150;TRUE
15152;TRUE
15153;TRUE
15154;TRUE
15156;TRUE
15157;TRUE
15158;TRUE
15159;TRUE
15160;TRUE
15163;TRUE
15164;TRUE
15165;TRUE
15167;TRUE
15168;TRUE
15171;TRUE
15172;TRUE
15174;TRUE
15175;TRUE
15178;TRUE
15179;TRUE
15180;TRUE
15181;TRUE
15182;TRUE
15184;TRUE
15185;TRUE
15186;TRUE
15187;TRUE
15189;TRUE
15192;TRUE
15193;TRUE
15194;TRUE
15195;TRUE
15197;TRUE
15198;TRUE
15199;TRUE
15201;TRUE
15203;TRUE
15204;TRUE
15205;TRUE
15206;TRUE
15208;TRUE
15210;TRUE
15211;TRUE
15212;TRUE
15213;TRUE
15214;TRUE
15215;TRUE
15216;TRUE
15218;TRUE
15219;TRUE
15220;TRUE
15221;TRUE
15222;TRUE
15223;TRUE
15224;TRUE
15225;TRUE
15226;TRUE
15227;TRUE
15228;TRUE
15230;TRUE
15232;TRUE
15234;TRUE
15235;TRUE
15236;TRUE
15237;TRUE
15238;TRUE
15239;TRUE
15240;TRUE
15241;TRUE
15243;TRUE
15244;TRUE
15245;TRUE
15246;TRUE
15247;TRUE
15249;TRUE
15251;TRUE
15252;TRUE
15253;TRUE
15254;TRUE
15255;TRUE
15256;TRUE
15257;TRUE
15258;TRUE
15260;TRUE
15261;TRUE
15262;TRUE
15263;TRUE
15264;TRUE
15265;TRUE
15266;TRUE
15267;TRUE
15269;TRUE
15270;TRUE
15271;TRUE
15272;TRUE
15274;TRUE
15275;TRUE
15276;TRUE
15277;TRUE
15279;TRUE
15280;TRUE
15281;TRUE
15286;TRUE
15287;TRUE
15288;TRUE
15289;TRUE
15290;TRUE
15291;TRUE
15292;TRUE
15296;TRUE
15297;TRUE
15298;TRUE
15299;TRUE
15300;TRUE
15301;TRUE
15303;TRUE
15304;TRUE
15306;TRUE
15307;TRUE
15308;TRUE
15311;TRUE
15312;TRUE
15313;TRUE
15314;TRUE
15315;TRUE
15316;TRUE
15318;TRUE
15319;TRUE
15320;TRUE
15321;TRUE
15322;TRUE
15325;TRUE
15326;TRUE
15327;TRUE
15329;TRUE
15330;TRUE
15332;TRUE
15333;TRUE
15334;TRUE
15335;TRUE
15339;TRUE
15341;TRUE
15342;TRUE
15343;TRUE
15344;TRUE
15345;TRUE
15346;TRUE
15347;TRUE
15348;TRUE
15349;TRUE
15350;TRUE
15351;TRUE
15353;TRUE
15355;TRUE
15356;TRUE
15358;TRUE
15360;TRUE
15361;TRUE
15363;TRUE
15364;TRUE
15365;TRUE
15366;TRUE
15367;TRUE
15368;TRUE
15369;TRUE
15370;TRUE
15372;TRUE
15373;TRUE
15374;TRUE
15376;TRUE
15379;TRUE
15380;TRUE
15381;TRUE
15382;TRUE
15384;TRUE
15385;TRUE
15386;TRUE
15388;TRUE
15389;TRUE
15392;TRUE
15393;TRUE
15394;TRUE
15395;TRUE
15396;TRUE
15397;TRUE
15398;TRUE
15399;TRUE
15400;TRUE
15402;TRUE
15405;TRUE
15406;TRUE
15407;TRUE
15408;TRUE
15410;TRUE
15411;TRUE
15412;TRUE
15414;TRUE
15415;TRUE
15416;TRUE
15417;TRUE
15419;TRUE
15421;TRUE
15422;TRUE
15423;TRUE
15424;TRUE
15426;TRUE
15427;TRUE
15428;TRUE
15429;TRUE
15432;TRUE
15433;TRUE
15434;TRUE
15435;TRUE
15436;TRUE
15437;TRUE
15438;TRUE
15440;TRUE
15442;TRUE
15443;TRUE
15444;TRUE
15445;TRUE
15447;TRUE
15448;TRUE
15449;TRUE
15450;TRUE
15452;TRUE
15453;TRUE
15454;TRUE
15456;TRUE
15457;TRUE
15458;TRUE
15460;TRUE
15462;TRUE
15463;TRUE
15464;TRUE
15465;TRUE
15466;TRUE
15467;TRUE
15468;TRUE
15469;TRUE
15471;TRUE
15472;TRUE
15473;TRUE
15475;TRUE
15478;TRUE
15480;TRUE
15482;TRUE
15483;TRUE
15484;TRUE
15485;TRUE
15488;TRUE
15489;TRUE
15491;TRUE
15492;TRUE
15493;TRUE
15494;TRUE
15497;TRUE
15498;TRUE
15500;TRUE
15502;TRUE
15503;TRUE
15504;TRUE
15505;TRUE
15506;TRUE
15507;TRUE
15508;TRUE
15510;TRUE
15511;TRUE
15512;TRUE
15513;TRUE
15514;TRUE
15516;TRUE
15517;TRUE
15518;TRUE
15520;TRUE
15521;TRUE
15522;TRUE
15523;TRUE
15524;TRUE
15525;TRUE
15526;TRUE
15527;TRUE
15528;TRUE
15529;TRUE
15530;TRUE
15531;TRUE
15532;TRUE
15533;TRUE
15535;TRUE
15537;TRUE
15539;TRUE
15540;TRUE
15541;TRUE
15543;TRUE
15544;TRUE
15545;TRUE
15547;TRUE
15549;TRUE
15550;TRUE
15551;TRUE
15552;TRUE
15553;TRUE
15554;TRUE
15555;TRUE
15556;TRUE
15557;TRUE
15561;TRUE
15562;TRUE
15563;TRUE
15565;TRUE
15567;TRUE
15568;TRUE
15569;TRUE
15570;TRUE
15571;TRUE
15572;TRUE
15573;TRUE
15574;TRUE
15576;TRUE
15577;TRUE
15578;TRUE
15579;TRUE
15581;TRUE
15582;TRUE
15584;TRUE
15585;TRUE
15587;TRUE
15589;TRUE
15590;TRUE
15592;TRUE
15593;TRUE
15594;TRUE
15596;TRUE
15597;TRUE
15598;TRUE
15599;TRUE
15601;TRUE
15602;TRUE
15603;TRUE
15604;TRUE
15605;TRUE
15606;TRUE
15607;TRUE
15608;TRUE
15609;TRUE
15610;TRUE
15611;TRUE
15612;TRUE
15615;TRUE
15618;TRUE
15619;TRUE
15620;TRUE
15621;TRUE
15622;TRUE
15623;TRUE
15624;TRUE
15625;TRUE
15626;TRUE
15628;TRUE
15630;TRUE
15632;TRUE
15634;TRUE
15636;TRUE
15637;TRUE
15638;TRUE
15639;TRUE
15640;TRUE
15641;TRUE
15643;TRUE
15644;TRUE
15645;TRUE
15646;TRUE
15648;TRUE
15649;TRUE
15651;TRUE
15652;TRUE
15653;TRUE
15654;TRUE
15655;TRUE
15656;TRUE
15657;TRUE
15658;TRUE
15659;TRUE
15660;TRUE
15661;TRUE
15663;TRUE
15664;TRUE
15665;TRUE
15667;TRUE
15668;TRUE
15669;TRUE
15670;TRUE
15671;TRUE
15673;TRUE
15674;TRUE
15675;TRUE
15676;TRUE
15677;TRUE
15678;TRUE
15679;TRUE
15680;TRUE
15681;TRUE
15683;TRUE
15687;TRUE
15689;TRUE
15690;TRUE
15691;TRUE
15692;TRUE
15694;TRUE
15695;TRUE
15696;TRUE
15699;TRUE
15700;TRUE
15701;TRUE
15703;TRUE
15704;TRUE
15705;TRUE
15706;TRUE
15707;TRUE
15708;TRUE
15709;TRUE
15712;TRUE
15713;TRUE
15714;TRUE
15716;TRUE
15717;TRUE
15719;TRUE
15720;TRUE
15721;TRUE
15722;TRUE
15723;TRUE
15724;TRUE
15725;TRUE
15727;TRUE
15728;TRUE
15729;TRUE
15730;TRUE
15732;TRUE
15733;TRUE
15734;TRUE
15737;TRUE
15738;TRUE
15739;TRUE
15740;TRUE
15743;TRUE
15744;TRUE
15745;TRUE
15746;TRUE
15747;TRUE
15748;TRUE
15749;TRUE
15750;TRUE
15752;TRUE
15753;TRUE
15754;TRUE
15755;TRUE
15756;TRUE
15757;TRUE
15758;TRUE
15759;TRUE
15762;TRUE
15763;TRUE
15764;TRUE
15766;TRUE
15768;TRUE
15769;TRUE
15773;TRUE
15774;TRUE
15775;TRUE
15776;TRUE
15777;TRUE
15780;TRUE
15781;TRUE
15782;TRUE
15783;TRUE
15785;TRUE
15786;TRUE
15787;TRUE
15789;TRUE
15790;TRUE
15791;TRUE
15793;TRUE
15795;TRUE
15796;TRUE
15797;TRUE
15799;TRUE
15800;TRUE
15801;TRUE
15802;TRUE
15803;TRUE
15804;TRUE
15805;TRUE
15806;TRUE
15807;TRUE
15808;TRUE
15809;TRUE
15810;TRUE
15811;TRUE
15812;TRUE
15813;TRUE
15814;TRUE
15815;TRUE
15819;TRUE
15820;TRUE
15821;TRUE
15822;TRUE
15823;TRUE
15825;TRUE
15826;TRUE
15827;TRUE
15829;TRUE
15830;TRUE
15831;TRUE
15832;TRUE
15834;TRUE
15835;TRUE
15836;TRUE
15837;TRUE
15838;TRUE
15839;TRUE
15840;TRUE
15841;TRUE
15843;TRUE
15844;TRUE
15845;TRUE
15847;TRUE
15850;TRUE
15852;TRUE
15853;TRUE
15854;TRUE
15855;TRUE
15856;TRUE
15857;TRUE
15858;TRUE
15860;TRUE
15861;TRUE
15862;TRUE
15863;TRUE
15864;TRUE
15865;TRUE
15866;TRUE
15867;TRUE
15869;TRUE
15870;TRUE
15872;TRUE
15874;TRUE
15877;TRUE
15880;TRUE
15881;TRUE
15882;TRUE
15883;TRUE
15885;TRUE
15886;TRUE
15888;TRUE
15889;TRUE
15891;TRUE
15894;TRUE
15895;TRUE
15897;TRUE
15898;TRUE
15899;TRUE
15900;TRUE
15901;TRUE
15903;TRUE
15904;TRUE
15906;TRUE
15907;TRUE
15909;TRUE
15910;TRUE
15912;TRUE
15916;TRUE
15917;TRUE
15918;TRUE
15919;TRUE
15920;TRUE
15921;TRUE
15922;TRUE
15923;TRUE
15925;TRUE
15930;TRUE
15932;TRUE
15933;TRUE
15935;TRUE
15937;TRUE
15938;TRUE
15939;TRUE
15940;TRUE
15942;TRUE
15944;TRUE
15945;TRUE
15947;TRUE
15948;TRUE
15949;TRUE
15950;TRUE
15951;TRUE
15952;TRUE
15953;TRUE
15955;TRUE
15957;TRUE
15958;TRUE
15963;TRUE
15965;TRUE
15967;TRUE
15969;TRUE
15970;TRUE
15971;TRUE
15973;TRUE
15974;TRUE
15975;TRUE
15976;TRUE
15977;TRUE
15978;TRUE
15980;TRUE
15981;TRUE
15983;TRUE
15984;TRUE
15985;TRUE
15986;TRUE
15987;TRUE
15988;TRUE
15990;TRUE
15992;TRUE
15993;TRUE
15994;TRUE
15996;TRUE
15998;TRUE
16000;TRUE
16003;TRUE
16005;TRUE
16006;TRUE
16007;TRUE
16008;TRUE
16009;TRUE
16010;TRUE
16011;TRUE
16012;TRUE
16013;TRUE
16014;TRUE
16015;TRUE
16016;TRUE
16017;TRUE
16018;TRUE
16019;TRUE
16020;TRUE
16022;TRUE
16023;TRUE
16024;TRUE
16025;TRUE
16026;TRUE
16027;TRUE
16029;TRUE
16030;TRUE
16031;TRUE
16033;TRUE
16034;TRUE
16036;TRUE
16037;TRUE
16038;TRUE
16040;TRUE
16041;TRUE
16042;TRUE
16043;TRUE
16045;TRUE
16048;TRUE
16049;TRUE
16050;TRUE
16052;TRUE
16053;TRUE
16054;TRUE
16055;TRUE
16056;TRUE
16057;TRUE
16059;TRUE
16061;TRUE
16062;TRUE
16063;TRUE
16065;TRUE
16066;TRUE
16070;TRUE
16071;TRUE
16072;TRUE
16073;TRUE
16076;TRUE
16078;TRUE
16079;TRUE
16080;TRUE
16081;TRUE
16083;TRUE
16084;TRUE
16085;TRUE
16086;TRUE
16091;TRUE
16092;TRUE
16093;TRUE
16094;TRUE
16096;TRUE
16097;TRUE
16098;TRUE
16099;TRUE
16101;TRUE
16102;TRUE
16103;TRUE
16104;TRUE
16105;TRUE
16106;TRUE
16107;TRUE
16108;TRUE
16109;TRUE
16110;TRUE
16112;TRUE
16113;TRUE
16114;TRUE
16115;TRUE
16116;TRUE
16117;TRUE
16119;TRUE
16120;TRUE
16121;TRUE
16122;TRUE
16123;TRUE
16124;TRUE
16125;TRUE
16126;TRUE
16127;TRUE
16128;TRUE
16131;TRUE
16133;TRUE
16134;TRUE
16135;TRUE
16136;TRUE
16138;TRUE
16139;TRUE
16140;TRUE
16141;TRUE
16142;TRUE
16143;TRUE
16144;TRUE
16145;TRUE
16146;TRUE
16147;TRUE
16148;TRUE
16149;TRUE
16150;TRUE
16152;TRUE
16153;TRUE
16156;TRUE
16157;TRUE
16159;TRUE
16160;TRUE
16161;TRUE
16162;TRUE
16163;TRUE
16164;TRUE
16168;TRUE
16169;TRUE
16170;TRUE
16171;TRUE
16172;TRUE
16173;TRUE
16174;TRUE
16175;TRUE
16177;TRUE
16178;TRUE
16179;TRUE
16180;TRUE
16181;TRUE
16182;TRUE
16183;TRUE
16184;TRUE
16185;TRUE
16186;TRUE
16187;TRUE
16188;TRUE
16189;TRUE
16190;TRUE
16191;TRUE
16193;TRUE
16198;TRUE
16200;TRUE
16201;TRUE
16202;TRUE
16203;TRUE
16204;TRUE
16205;TRUE
16206;TRUE
16207;TRUE
16208;TRUE
16209;TRUE
16210;TRUE
16211;TRUE
16212;TRUE
16213;TRUE
16214;TRUE
16215;TRUE
16216;TRUE
16217;TRUE
16218;TRUE
16221;TRUE
16222;TRUE
16224;TRUE
16225;TRUE
16226;TRUE
16227;TRUE
16229;TRUE
16230;TRUE
16232;TRUE
16233;TRUE
16235;TRUE
16236;TRUE
16239;TRUE
16240;TRUE
16241;TRUE
16242;TRUE
16243;TRUE
16244;TRUE
16245;TRUE
16247;TRUE
16248;TRUE
16249;TRUE
16250;TRUE
16252;TRUE
16253;TRUE
16255;TRUE
16256;TRUE
16257;TRUE
16258;TRUE
16260;TRUE
16261;TRUE
16262;TRUE
16265;TRUE
16266;TRUE
16268;TRUE
16270;TRUE
16271;TRUE
16272;TRUE
16274;TRUE
16275;TRUE
16276;TRUE
16278;TRUE
16279;TRUE
16281;TRUE
16282;TRUE
16283;TRUE
16284;TRUE
16287;TRUE
16292;TRUE
16293;TRUE
16295;TRUE
16297;TRUE
16298;TRUE
16302;TRUE
16303;TRUE
16305;TRUE
16306;TRUE
16308;TRUE
16309;TRUE
16311;TRUE
16313;TRUE
16315;TRUE
16316;TRUE
16317;TRUE
16318;TRUE
16319;TRUE
16320;TRUE
16321;TRUE
16322;TRUE
16323;TRUE
16324;TRUE
16325;TRUE
16326;TRUE
16327;TRUE
16330;TRUE
16332;TRUE
16333;TRUE
16337;TRUE
16338;TRUE
16339;TRUE
16340;TRUE
16341;TRUE
16342;TRUE
16343;TRUE
16344;TRUE
16345;TRUE
16347;TRUE
16348;TRUE
16349;TRUE
16350;TRUE
16351;TRUE
16352;TRUE
16353;TRUE
16354;TRUE
16356;TRUE
16357;TRUE
16358;TRUE
16359;TRUE
16360;TRUE
16361;TRUE
16362;TRUE
16363;TRUE
16364;TRUE
16365;TRUE
16366;TRUE
16367;TRUE
16368;TRUE
16369;TRUE
16370;TRUE
16372;TRUE
16374;TRUE
16376;TRUE
16377;TRUE
16378;TRUE
16379;TRUE
16380;TRUE
16383;TRUE
16384;TRUE
16385;TRUE
16386;TRUE
16387;TRUE
16389;TRUE
16392;TRUE
16393;TRUE
16394;TRUE
16395;TRUE
16398;TRUE
16399;TRUE
16400;TRUE
16401;TRUE
16402;TRUE
16403;TRUE
16404;TRUE
16405;TRUE
16406;TRUE
16407;TRUE
16409;TRUE
16411;TRUE
16412;TRUE
16413;TRUE
16414;TRUE
16415;TRUE
16416;TRUE
16418;TRUE
16419;TRUE
16422;TRUE
16423;TRUE
16424;TRUE
16425;TRUE
16426;TRUE
16427;TRUE
16428;TRUE
16429;TRUE
16430;TRUE
16431;TRUE
16432;TRUE
16433;TRUE
16434;TRUE
16438;TRUE
16440;TRUE
16441;TRUE
16442;TRUE
16444;TRUE
16445;TRUE
16446;TRUE
16447;TRUE
16448;TRUE
16449;TRUE
16450;TRUE
16451;TRUE
16454;TRUE
16455;TRUE
16456;TRUE
16457;TRUE
16458;TRUE
16460;TRUE
16461;TRUE
16462;TRUE
16463;TRUE
16464;TRUE
16466;TRUE
16468;TRUE
16469;TRUE
16470;TRUE
16471;TRUE
16473;TRUE
16474;TRUE
16475;TRUE
16477;TRUE
16478;TRUE
16479;TRUE
16480;TRUE
16482;TRUE
16483;TRUE
16484;TRUE
16485;TRUE
16488;TRUE
16491;TRUE
16493;TRUE
16494;TRUE
16495;TRUE
16496;TRUE
16497;TRUE
16498;TRUE
16499;TRUE
16500;TRUE
16503;TRUE
16504;TRUE
16505;TRUE
16506;TRUE
16509;TRUE
16510;TRUE
16511;TRUE
16513;TRUE
16515;TRUE
16516;TRUE
16517;TRUE
16518;TRUE
16519;TRUE
16520;TRUE
16523;TRUE
16525;TRUE
16526;TRUE
16527;TRUE
16528;TRUE
16529;TRUE
16531;TRUE
16532;TRUE
16533;TRUE
16535;TRUE
16536;TRUE
16539;TRUE
16542;TRUE
16545;TRUE
16546;TRUE
16549;TRUE
16550;TRUE
16551;TRUE
16552;TRUE
16553;TRUE
16554;TRUE
16555;TRUE
16556;TRUE
16557;TRUE
16558;TRUE
16560;TRUE
16561;TRUE
16563;TRUE
16565;TRUE
16566;TRUE
16567;TRUE
16569;TRUE
16570;TRUE
16571;TRUE
16572;TRUE
16573;TRUE
16574;TRUE
16579;TRUE
16581;TRUE
16582;TRUE
16583;TRUE
16584;TRUE
16586;TRUE
16587;TRUE
16589;TRUE
16591;TRUE
16592;TRUE
16593;TRUE
16594;TRUE
16595;TRUE
16596;TRUE
16597;TRUE
16598;TRUE
16600;TRUE
16601;TRUE
16602;TRUE
16603;TRUE
16607;TRUE
16609;TRUE
16610;TRUE
16611;TRUE
16612;TRUE
16613;TRUE
16614;TRUE
16616;TRUE
16617;TRUE
16618;TRUE
16619;TRUE
16620;TRUE
16621;TRUE
16623;TRUE
16624;TRUE
16625;TRUE
16626;TRUE
16627;TRUE
16628;TRUE
16629;TRUE
16633;TRUE
16634;TRUE
16637;TRUE
16638;TRUE
16639;TRUE
16641;TRUE
16642;TRUE
16643;TRUE
16644;TRUE
16647;TRUE
16648;TRUE
16650;TRUE
16652;TRUE
16653;TRUE
16654;TRUE
16655;TRUE
16656;TRUE
16657;TRUE
16658;TRUE
16659;TRUE
16660;TRUE
16665;TRUE
16666;TRUE
16667;TRUE
16668;TRUE
16669;TRUE
16670;TRUE
16671;TRUE
16672;TRUE
16674;TRUE
16676;TRUE
16678;TRUE
16679;TRUE
16680;TRUE
16681;TRUE
16682;TRUE
16684;TRUE
16685;TRUE
16686;TRUE
16688;TRUE
16689;TRUE
16690;TRUE
16692;TRUE
16693;TRUE
16696;TRUE
16697;TRUE
16698;TRUE
16700;TRUE
16701;TRUE
16705;TRUE
16706;TRUE
16708;TRUE
16709;TRUE
16710;TRUE
16711;TRUE
16712;TRUE
16713;TRUE
16714;TRUE
16715;TRUE
16716;TRUE
16717;TRUE
16718;TRUE
16719;TRUE
16720;TRUE
16721;TRUE
16722;TRUE
16723;TRUE
16725;TRUE
16726;TRUE
16727;TRUE
16728;TRUE
16729;TRUE
16730;TRUE
16732;TRUE
16734;TRUE
16735;TRUE
16737;TRUE
16738;TRUE
16739;TRUE
16742;TRUE
16743;TRUE
16744;TRUE
16745;TRUE
16746;TRUE
16747;TRUE
16748;TRUE
16750;TRUE
16751;TRUE
16752;TRUE
16753;TRUE
16754;TRUE
16755;TRUE
16756;TRUE
16757;TRUE
16758;TRUE
16759;TRUE
16761;TRUE
16762;TRUE
16763;TRUE
16764;TRUE
16765;TRUE
16766;TRUE
16767;TRUE
16768;TRUE
16769;TRUE
16770;TRUE
16771;TRUE
16773;TRUE
16774;TRUE
16775;TRUE
16776;TRUE
16777;TRUE
16778;TRUE
16779;TRUE
16780;TRUE
16781;TRUE
16782;TRUE
16784;TRUE
16788;TRUE
16789;TRUE
16790;TRUE
16791;TRUE
16792;TRUE
16793;TRUE
16794;TRUE
16795;TRUE
16796;TRUE
16800;TRUE
16801;TRUE
16803;TRUE
16804;TRUE
16805;TRUE
16806;TRUE
16807;TRUE
16808;TRUE
16809;TRUE
16810;TRUE
16811;TRUE
16812;TRUE
16813;TRUE
16814;TRUE
16816;TRUE
16817;TRUE
16818;TRUE
16820;TRUE
16823;TRUE
16824;TRUE
16825;TRUE
16826;TRUE
16828;TRUE
16829;TRUE
16830;TRUE
16832;TRUE
16833;TRUE
16834;TRUE
16835;TRUE
16836;TRUE
16837;TRUE
16838;TRUE
16839;TRUE
16841;TRUE
16842;TRUE
16843;TRUE
16846;TRUE
16847;TRUE
16848;TRUE
16849;TRUE
16850;TRUE
16851;TRUE
16852;TRUE
16855;TRUE
16856;TRUE
16858;TRUE
16859;TRUE
16861;TRUE
16863;TRUE
16866;TRUE
16869;TRUE
16871;TRUE
16872;TRUE
16873;TRUE
16875;TRUE
16877;TRUE
16878;TRUE
16880;TRUE
16881;TRUE
16882;TRUE
16883;TRUE
16884;TRUE
16885;TRUE
16887;TRUE
16889;TRUE
16891;TRUE
16892;TRUE
16893;TRUE
16895;TRUE
16897;TRUE
16898;TRUE
16899;TRUE
16900;TRUE
16902;TRUE
16903;TRUE
16904;TRUE
16905;TRUE
16906;TRUE
16907;TRUE
16909;TRUE
16910;TRUE
16912;TRUE
16913;TRUE
16914;TRUE
16915;TRUE
16916;TRUE
16917;TRUE
16918;TRUE
16919;TRUE
16921;TRUE
16923;TRUE
16924;TRUE
16926;TRUE
16927;TRUE
16928;TRUE
16929;TRUE
16930;TRUE
16931;TRUE
16932;TRUE
16933;TRUE
16934;TRUE
16936;TRUE
16938;TRUE
16940;TRUE
16942;TRUE
16943;TRUE
16945;TRUE
16947;TRUE
16948;TRUE
16949;TRUE
16950;TRUE
16951;TRUE
16952;TRUE
16953;TRUE
16954;TRUE
16955;TRUE
16956;TRUE
16957;TRUE
16959;TRUE
16960;TRUE
16961;TRUE
16963;TRUE
16965;TRUE
16966;TRUE
16967;TRUE
16968;TRUE
16969;TRUE
16971;TRUE
16976;TRUE
16978;TRUE
16979;TRUE
16980;TRUE
16982;TRUE
16983;TRUE
16984;TRUE
16985;TRUE
16986;TRUE
16987;TRUE
16988;TRUE
16989;TRUE
16990;TRUE
16992;TRUE
16995;TRUE
16996;TRUE
16997;TRUE
16998;TRUE
16999;TRUE
17001;TRUE
17002;TRUE
17004;TRUE
17006;TRUE
17007;TRUE
17010;TRUE
17011;TRUE
17014;TRUE
17015;TRUE
17017;TRUE
17018;TRUE
17019;TRUE
17022;TRUE
17024;TRUE
17025;TRUE
17026;TRUE
17027;TRUE
17029;TRUE
17030;TRUE
17031;TRUE
17033;TRUE
17034;TRUE
17035;TRUE
17037;TRUE
17038;TRUE
17040;TRUE
17041;TRUE
17042;TRUE
17043;TRUE
17044;TRUE
17045;TRUE
17046;TRUE
17047;TRUE
17048;TRUE
17049;TRUE
17050;TRUE
17051;TRUE
17052;TRUE
17053;TRUE
17054;TRUE
17058;TRUE
17059;TRUE
17060;TRUE
17061;TRUE
17062;TRUE
17063;TRUE
17064;TRUE
17065;TRUE
17068;TRUE
17069;TRUE
17070;TRUE
17071;TRUE
17073;TRUE
17075;TRUE
17076;TRUE
17078;TRUE
17079;TRUE
17080;TRUE
17081;TRUE
17082;TRUE
17083;TRUE
17084;TRUE
17085;TRUE
17086;TRUE
17088;TRUE
17090;TRUE
17091;TRUE
17092;TRUE
17094;TRUE
17095;TRUE
17096;TRUE
17097;TRUE
17100;TRUE
17101;TRUE
17102;TRUE
17105;TRUE
17107;TRUE
17109;TRUE
17110;TRUE
17111;TRUE
17114;TRUE
17115;TRUE
17117;TRUE
17118;TRUE
17119;TRUE
17120;TRUE
17122;TRUE
17123;TRUE
17124;TRUE
17125;TRUE
17126;TRUE
17128;TRUE
17131;TRUE
17133;TRUE
17134;TRUE
17135;TRUE
17138;TRUE
17139;TRUE
17140;TRUE
17142;TRUE
17144;TRUE
17146;TRUE
17147;TRUE
17148;TRUE
17152;TRUE
17153;TRUE
17154;TRUE
17155;TRUE
17157;TRUE
17158;TRUE
17159;TRUE
17160;TRUE
17162;TRUE
17163;TRUE
17164;TRUE
17165;TRUE
17166;TRUE
17169;TRUE
17171;TRUE
17172;TRUE
17173;TRUE
17174;TRUE
17175;TRUE
17176;TRUE
17179;TRUE
17180;TRUE
17181;TRUE
17183;TRUE
17186;TRUE
17187;TRUE
17188;TRUE
17189;TRUE
17190;TRUE
17191;TRUE
17193;TRUE
17194;TRUE
17197;TRUE
17198;TRUE
17201;TRUE
17203;TRUE
17204;TRUE
17205;TRUE
17206;TRUE
17211;TRUE
17212;TRUE
17213;TRUE
17214;TRUE
17217;TRUE
17218;TRUE
17219;TRUE
17220;TRUE
17221;TRUE
17222;TRUE
17223;TRUE
17226;TRUE
17227;TRUE
17228;TRUE
17229;TRUE
17230;TRUE
17231;TRUE
17232;TRUE
17233;TRUE
17234;TRUE
17235;TRUE
17236;TRUE
17237;TRUE
17238;TRUE
17239;TRUE
17242;TRUE
17243;TRUE
17244;TRUE
17245;TRUE
17247;TRUE
17248;TRUE
17250;TRUE
17251;TRUE
17252;TRUE
17253;TRUE
17254;TRUE
17255;TRUE
17256;TRUE
17259;TRUE
17262;TRUE
17263;TRUE
17265;TRUE
17266;TRUE
17267;TRUE
17268;TRUE
17272;TRUE
17274;TRUE
17277;TRUE
17278;TRUE
17279;TRUE
17282;TRUE
17284;TRUE
17286;TRUE
17287;TRUE
17288;TRUE
17289;TRUE
17290;TRUE
17291;TRUE
17293;TRUE
17295;TRUE
17297;TRUE
17298;TRUE
17299;TRUE
17301;TRUE
17302;TRUE
17303;TRUE
17306;TRUE
17307;TRUE
17309;TRUE
17311;TRUE
17312;TRUE
17313;TRUE
17314;TRUE
17315;TRUE
17317;TRUE
17320;TRUE
17321;TRUE
17323;TRUE
17324;TRUE
17325;TRUE
17329;TRUE
17330;TRUE
17331;TRUE
17333;TRUE
17334;TRUE
17337;TRUE
17338;TRUE
17339;TRUE
17340;TRUE
17341;TRUE
17343;TRUE
17344;TRUE
17345;TRUE
17346;TRUE
17347;TRUE
17348;TRUE
17349;TRUE
17350;TRUE
17351;TRUE
17353;TRUE
17354;TRUE
17356;TRUE
17357;TRUE
17358;TRUE
17359;TRUE
17360;TRUE
17361;TRUE
17362;TRUE
17364;TRUE
17365;TRUE
17367;TRUE
17368;TRUE
17370;TRUE
17371;TRUE
17372;TRUE
17373;TRUE
17374;TRUE
17375;TRUE
17376;TRUE
17377;TRUE
17379;TRUE
17381;TRUE
17382;TRUE
17383;TRUE
17384;TRUE
17385;TRUE
17386;TRUE
17387;TRUE
17388;TRUE
17389;TRUE
17391;TRUE
17392;TRUE
17394;TRUE
17396;TRUE
17397;TRUE
17398;TRUE
17400;TRUE
17402;TRUE
17403;TRUE
17404;TRUE
17405;TRUE
17406;TRUE
17408;TRUE
17409;TRUE
17410;TRUE
17411;TRUE
17412;TRUE
17414;TRUE
17415;TRUE
17416;TRUE
17418;TRUE
17419;TRUE
17420;TRUE
17422;TRUE
17423;TRUE
17425;TRUE
17426;TRUE
17427;TRUE
17428;TRUE
17429;TRUE
17430;TRUE
17431;TRUE
17432;TRUE
17433;TRUE
17434;TRUE
17436;TRUE
17438;TRUE
17440;TRUE
17442;TRUE
17443;TRUE
17444;TRUE
17446;TRUE
17447;TRUE
17448;TRUE
17449;TRUE
17450;TRUE
17451;TRUE
17453;TRUE
17454;TRUE
17455;TRUE
17456;TRUE
17457;TRUE
17458;TRUE
17459;TRUE
17460;TRUE
17461;TRUE
17462;TRUE
17463;TRUE
17464;TRUE
17466;TRUE
17468;TRUE
17469;TRUE
17470;TRUE
17472;TRUE
17475;TRUE
17480;TRUE
17481;TRUE
17483;TRUE
17486;TRUE
17489;TRUE
17490;TRUE
17491;TRUE
17492;TRUE
17495;TRUE
17496;TRUE
17498;TRUE
17499;TRUE
17500;TRUE
17501;TRUE
17502;TRUE
17503;TRUE
17504;TRUE
17505;TRUE
17506;TRUE
17507;TRUE
17508;TRUE
17509;TRUE
17510;TRUE
17511;TRUE
17512;TRUE
17513;TRUE
17514;TRUE
17515;TRUE
17516;TRUE
17517;TRUE
17519;TRUE
17520;TRUE
17521;TRUE
17522;TRUE
17523;TRUE
17524;TRUE
17525;TRUE
17526;TRUE
17527;TRUE
17528;TRUE
17530;TRUE
17531;TRUE
17534;TRUE
17535;TRUE
17536;TRUE
17537;TRUE
17538;TRUE
17540;TRUE
17542;TRUE
17545;TRUE
17547;TRUE
17548;TRUE
17549;TRUE
17550;TRUE
17551;TRUE
17552;TRUE
17553;TRUE
17554;TRUE
17555;TRUE
17556;TRUE
17557;TRUE
17560;TRUE
17561;TRUE
17562;TRUE
17564;TRUE
17566;TRUE
17567;TRUE
17569;TRUE
17571;TRUE
17572;TRUE
17573;TRUE
17574;TRUE
17576;TRUE
17578;TRUE
17579;TRUE
17580;TRUE
17581;TRUE
17582;TRUE
17584;TRUE
17585;TRUE
17588;TRUE
17589;TRUE
17590;TRUE
17591;TRUE
17593;TRUE
17594;TRUE
17595;TRUE
17596;TRUE
17597;TRUE
17600;TRUE
17601;TRUE
17602;TRUE
17603;TRUE
17604;TRUE
17608;TRUE
17609;TRUE
17611;TRUE
17612;TRUE
17613;TRUE
17614;TRUE
17615;TRUE
17616;TRUE
17618;TRUE
17619;TRUE
17620;TRUE
17621;TRUE
17623;TRUE
17624;TRUE
17625;TRUE
17628;TRUE
17629;TRUE
17630;TRUE
17631;TRUE
17633;TRUE
17634;TRUE
17636;TRUE
17637;TRUE
17639;TRUE
17640;TRUE
17642;TRUE
17643;TRUE
17644;TRUE
17646;TRUE
17647;TRUE
17648;TRUE
17649;TRUE
17650;TRUE
17651;TRUE
17652;TRUE
17653;TRUE
17654;TRUE
17655;TRUE
17656;TRUE
17658;TRUE
17659;TRUE
17660;TRUE
17663;TRUE
17664;TRUE
17666;TRUE
17667;TRUE
17668;TRUE
17669;TRUE
17670;TRUE
17671;TRUE
17672;TRUE
17673;TRUE
17674;TRUE
17675;TRUE
17676;TRUE
17677;TRUE
17678;TRUE
17679;TRUE
17680;TRUE
17682;TRUE
17684;TRUE
17685;TRUE
17686;TRUE
17690;TRUE
17691;TRUE
17692;TRUE
17693;TRUE
17694;TRUE
17695;TRUE
17696;TRUE
17697;TRUE
17698;TRUE
17700;TRUE
17701;TRUE
17702;TRUE
17703;TRUE
17704;TRUE
17705;TRUE
17706;TRUE
17707;TRUE
17708;TRUE
17709;TRUE
17711;TRUE
17712;TRUE
17714;TRUE
17715;TRUE
17716;TRUE
17718;TRUE
17719;TRUE
17720;TRUE
17722;TRUE
17723;TRUE
17724;TRUE
17725;TRUE
17727;TRUE
17728;TRUE
17730;TRUE
17731;TRUE
17732;TRUE
17733;TRUE
17734;TRUE
17735;TRUE
17736;TRUE
17737;TRUE
17738;TRUE
17739;TRUE
17742;TRUE
17744;TRUE
17746;TRUE
17747;TRUE
17749;TRUE
17750;TRUE
17752;TRUE
17754;TRUE
17757;TRUE
17758;TRUE
17759;TRUE
17760;TRUE
17761;TRUE
17763;TRUE
17764;TRUE
17765;TRUE
17767;TRUE
17768;TRUE
17769;TRUE
17770;TRUE
17771;TRUE
17772;TRUE
17774;TRUE
17775;TRUE
17777;TRUE
17779;TRUE
17781;TRUE
17783;TRUE
17785;TRUE
17786;TRUE
17787;TRUE
17788;TRUE
17789;TRUE
17790;TRUE
17791;TRUE
17793;TRUE
17795;TRUE
17796;TRUE
17797;TRUE
17799;TRUE
17800;TRUE
17802;TRUE
17805;TRUE
17806;TRUE
17809;TRUE
17811;TRUE
17812;TRUE
17813;TRUE
17816;TRUE
17817;TRUE
17819;TRUE
17820;TRUE
17824;TRUE
17827;TRUE
17828;TRUE
17829;TRUE
17830;TRUE
17831;TRUE
17832;TRUE
17835;TRUE
17836;TRUE
17837;TRUE
17838;TRUE
17839;TRUE
17841;TRUE
17843;TRUE
17844;TRUE
17846;TRUE
17848;TRUE
17849;TRUE
17850;TRUE
17852;TRUE
17854;TRUE
17855;TRUE
17856;TRUE
17857;TRUE
17858;TRUE
17859;TRUE
17860;TRUE
17861;TRUE
17862;TRUE
17863;TRUE
17864;TRUE
17865;TRUE
17866;TRUE
17867;TRUE
17869;TRUE
17870;TRUE
17871;TRUE
17873;TRUE
17874;TRUE
17877;TRUE
17878;TRUE
17879;TRUE
17880;TRUE
17881;TRUE
17883;TRUE
17884;TRUE
17885;TRUE
17886;TRUE
17887;TRUE
17888;TRUE
17889;TRUE
17890;TRUE
17891;TRUE
17892;TRUE
17893;TRUE
17894;TRUE
17895;TRUE
17896;TRUE
17897;TRUE
17898;TRUE
17899;TRUE
17900;TRUE
17901;TRUE
17904;TRUE
17905;TRUE
17906;TRUE
17908;TRUE
17911;TRUE
17912;TRUE
17913;TRUE
17914;TRUE
17917;TRUE
17919;TRUE
17920;TRUE
17921;TRUE
17923;TRUE
17924;TRUE
17925;TRUE
17926;TRUE
17928;TRUE
17929;TRUE
17930;TRUE
17931;TRUE
17932;TRUE
17934;TRUE
17935;TRUE
17936;TRUE
17937;TRUE
17939;TRUE
17940;TRUE
17941;TRUE
17942;TRUE
17946;TRUE
17947;TRUE
17948;TRUE
17949;TRUE
17950;TRUE
17951;TRUE
17954;TRUE
17955;TRUE
17956;TRUE
17957;TRUE
17958;TRUE
17960;TRUE
17961;TRUE
17962;TRUE
17964;TRUE
17965;TRUE
17966;TRUE
17967;TRUE
17968;TRUE
17969;TRUE
17970;TRUE
17972;TRUE
17973;TRUE
17974;TRUE
17975;TRUE
17976;TRUE
17977;TRUE
17978;TRUE
17979;TRUE
17980;TRUE
17984;TRUE
17985;TRUE
17986;TRUE
17987;TRUE
17988;TRUE
17990;TRUE
17991;TRUE
17994;TRUE
17995;TRUE
17997;TRUE
17999;TRUE
18001;TRUE
18004;TRUE
18005;TRUE
18006;TRUE
18008;TRUE
18009;TRUE
18010;TRUE
18011;TRUE
18013;TRUE
18014;TRUE
18015;TRUE
18016;TRUE
18017;TRUE
18018;TRUE
18019;TRUE
18022;TRUE
18024;TRUE
18027;TRUE
18030;TRUE
18032;TRUE
18033;TRUE
18034;TRUE
18035;TRUE
18036;TRUE
18037;TRUE
18040;TRUE
18041;TRUE
18042;TRUE
18043;TRUE
18044;TRUE
18045;TRUE
18048;TRUE
18050;TRUE
18053;TRUE
18055;TRUE
18056;TRUE
18058;TRUE
18059;TRUE
18061;TRUE
18062;TRUE
18064;TRUE
18065;TRUE
18066;TRUE
18067;TRUE
18068;TRUE
18069;TRUE
18071;TRUE
18072;TRUE
18073;TRUE
18074;TRUE
18075;TRUE
18077;TRUE
18078;TRUE
18079;TRUE
18080;TRUE
18081;TRUE
18082;TRUE
18084;TRUE
18085;TRUE
18086;TRUE
18087;TRUE
18088;TRUE
18092;TRUE
18093;TRUE
18094;TRUE
18095;TRUE
18096;TRUE
18097;TRUE
18099;TRUE
18101;TRUE
18102;TRUE
18104;TRUE
18105;TRUE
18106;TRUE
18108;TRUE
18109;TRUE
18110;TRUE
18112;TRUE
18113;TRUE
18114;TRUE
18116;TRUE
18117;TRUE
18118;TRUE
18119;TRUE
18120;TRUE
18121;TRUE
18122;TRUE
18123;TRUE
18125;TRUE
18126;TRUE
18127;TRUE
18129;TRUE
18130;TRUE
18133;TRUE
18135;TRUE
18136;TRUE
18138;TRUE
18139;TRUE
18141;TRUE
18142;TRUE
18143;TRUE
18144;TRUE
18145;TRUE
18146;TRUE
18147;TRUE
18149;TRUE
18150;TRUE
18151;TRUE
18154;TRUE
18155;TRUE
18156;TRUE
18158;TRUE
18159;TRUE
18160;TRUE
18161;TRUE
18164;TRUE
18165;TRUE
18167;TRUE
18168;TRUE
18169;TRUE
18170;TRUE
18171;TRUE
18172;TRUE
18173;TRUE
18174;TRUE
18176;TRUE
18177;TRUE
18178;TRUE
18179;TRUE
18180;TRUE
18181;TRUE
18183;TRUE
18184;TRUE
18185;TRUE
18188;TRUE
18189;TRUE
18190;TRUE
18191;TRUE
18192;TRUE
18193;TRUE
18194;TRUE
18196;TRUE
18198;TRUE
18200;TRUE
18202;TRUE
18203;TRUE
18204;TRUE
18205;TRUE
18209;TRUE
18210;TRUE
18211;TRUE
18212;TRUE
18213;TRUE
18215;TRUE
18216;TRUE
18217;TRUE
18218;TRUE
18219;TRUE
18220;TRUE
18221;TRUE
18222;TRUE
18223;TRUE
18224;TRUE
18225;TRUE
18226;TRUE
18227;TRUE
18228;TRUE
18229;TRUE
18230;TRUE
18231;TRUE
18232;TRUE
18233;TRUE
18235;TRUE
18236;TRUE
18237;TRUE
18239;TRUE
18240;TRUE
18241;TRUE
18242;TRUE
18245;TRUE
18246;TRUE
18248;TRUE
18249;TRUE
18250;TRUE
18251;TRUE
18252;TRUE
18255;TRUE
18256;TRUE
18257;TRUE
18259;TRUE
18260;TRUE
18261;TRUE
18262;TRUE
18263;TRUE
18265;TRUE
18268;TRUE
18269;TRUE
18270;TRUE
18272;TRUE
18273;TRUE
18274;TRUE
18276;TRUE
18277;TRUE
18278;TRUE
18280;TRUE
18281;TRUE
18282;TRUE
18283;TRUE
18287;TRUE
;FALSE
